"FirstName"|"IsTest"|"IsVerified"|"LastName"
"Oliver"|"TRUE"|"TRUE"|"Forral"
"Michael"|"TRUE"|"TRUE"|"Johnson"
"Emma"|"TRUE"|"TRUE"|"Rodriguez"
"Samuel"|"TRUE"|"TRUE"|"Chen"
"Olivia"|"TRUE"|"TRUE"|"Williams"
"Alexander"|"TRUE"|"TRUE"|"Patel"
"Sophia"|"TRUE"|"TRUE"|"Garcia"
"Benjamin"|"TRUE"|"TRUE"|"Wilson"
"Ava"|"TRUE"|"TRUE"|"Thompson"
"William"|"TRUE"|"TRUE"|"Martinez"
"Ella"|"TRUE"|"TRUE"|"Anderson"
"James"|"TRUE"|"TRUE"|"Nguyen"
"Charlotte"|"TRUE"|"TRUE"|"Taylor"
"Ethan"|"TRUE"|"TRUE"|"Brown"
